<?xml version="1.0" encoding="UTF-8"?>
<Device  AsicId="0x00771899" DeviceId="0x8052AD05" Library="f021_R4_le.nfl" CoreType="R4_LittleEndian" useDAP="true" Revision="0" >
    <Revisions>
        <Revision RevisionNumber="0"> Initial Revision </Revision>
    </Revisions>
    <Part Name="RM44L522">
        <MinorRevision RevisionNumber="0" Description="RM44L522 Rev 0"/>
        <MinorRevision RevisionNumber="1" Description="RM44L522 Rev A"/>
        <RegisterId Address="0xF00801B4" Value="0x000000DC" Mask="0x0000FFFF"/>
        <Parameters>
            <PllFrequency Frequency="220" PllType="fmzpll"/>
            <MemoryMap>
                <Flash>
                    <ProgramFlash    StartAddress="0x00000000" EndAddress="0x000bffff" CorrectionStartAddress="0xF0400000" CorrectionEndAddress="0xF0417fff"/>
                    <ProgramFlashOtp StartAddress="0xF0000000" EndAddress="0xF0000fff" CorrectionStartAddress="0xF0040000" CorrectionEndAddress="0xF00401ff"/>
                    <DataFlash    StartAddress="0xF0200000" EndAddress="0xF020ffff" CorrectionStartAddress="0xF0100000" CorrectionEndAddress="0xF0101fff"/>
                    <DataFlashOtp StartAddress="0xF000E000" EndAddress="0xF000E7ff" CorrectionStartAddress="0xF0041C00" CorrectionEndAddress="0xF0041Cff"/>
                    <Bank Number="0" Type="Program" ControlRegister="0xfff87000"
                        StartAddress="0x00000000" EndAddress="0x000bffff"
                        CorrectionStartAddress="0xF0400000" CorrectionEndAddress="0xF0417fff">
                        <Sector Number="0" Type="Flash" StartAddress="0x00000000" Length="0x00004000">
                            <Correction Type="FlashEcc" StartAddress="0xF0400000" Length="0x00000800"/>
                        </Sector>
                        <Sector Number="1" Type="Flash" StartAddress="0x00004000" Length="0x00004000">
                            <Correction Type="FlashEcc" StartAddress="0xF0400800" Length="0x00000800"/>
                        </Sector>
                        <Sector Number="2" Type="Flash" StartAddress="0x00008000" Length="0x00004000">
                            <Correction Type="FlashEcc" StartAddress="0xF0401000" Length="0x00000800"/>
                        </Sector>
                        <Sector Number="3" Type="Flash" StartAddress="0x0000C000" Length="0x00004000">
                            <Correction Type="FlashEcc" StartAddress="0xF0401800" Length="0x00000800"/>
                        </Sector>
                        <Sector Number="4" Type="Flash" StartAddress="0x00010000" Length="0x00004000">
                            <Correction Type="FlashEcc" StartAddress="0xF0402000" Length="0x00000800"/>
                        </Sector>
                        <Sector Number="5" Type="Flash" StartAddress="0x00014000" Length="0x00004000">
                            <Correction Type="FlashEcc" StartAddress="0xF0402800" Length="0x00000800"/>
                        </Sector>
                        <Sector Number="6" Type="Flash" StartAddress="0x00018000" Length="0x00008000">
                            <Correction Type="FlashEcc" StartAddress="0xF0403000" Length="0x00001000"/>
                        </Sector>
                        <Sector Number="7" Type="Flash" StartAddress="0x00020000" Length="0x00020000">
                            <Correction Type="FlashEcc" StartAddress="0xF0404000" Length="0x00004000"/>
                        </Sector>
                        <Sector Number="8" Type="Flash" StartAddress="0x00040000" Length="0x00020000">
                            <Correction Type="FlashEcc" StartAddress="0xF0408000" Length="0x00004000"/>
                        </Sector>
                        <Sector Number="9" Type="Flash" StartAddress="0x00060000" Length="0x00020000">
                            <Correction Type="FlashEcc" StartAddress="0xF040C000" Length="0x00004000"/>
                        </Sector>
                        <Sector Number="10" Type="Flash" StartAddress="0x00080000" Length="0x00020000">
                            <Correction Type="FlashEcc" StartAddress="0xF0410000" Length="0x00004000"/>
                        </Sector>
                        <Sector Number="11" Type="Flash" StartAddress="0x000A0000" Length="0x00020000">
                            <Correction Type="FlashEcc" StartAddress="0xF0414000" Length="0x00004000"/>
                        </Sector>
                        <Otp Type="Otp" StartAddress="0xF0000000" Length="0x00001000">
                            <Correction Type="OtpEcc" StartAddress="0xF0040000" Length="0x00000200"/>
                        </Otp>
                    </Bank>
                    <Bank Number="7" Type="Data" ControlRegister="0xfff87000"
                        StartAddress="0xF0200000" EndAddress="0xF020ffff"
                        CorrectionStartAddress="0xF0100000" CorrectionEndAddress="0xF010ffff">
                        <Sector Number="0" Type="Flash" StartAddress="0xF0200000" Length="0x00001000">
                            <Correction Type="FlashEcc" StartAddress="0xF0100000" Length="0x00000200"/>
                        </Sector>
                        <Sector Number="1" Type="Flash" StartAddress="0xF0201000" Length="0x00001000">
                            <Correction Type="FlashEcc" StartAddress="0xF0100200" Length="0x00000200"/>
                        </Sector>
                        <Sector Number="2" Type="Flash" StartAddress="0xF0202000" Length="0x00001000">
                            <Correction Type="FlashEcc" StartAddress="0xF0100400" Length="0x00000200"/>
                        </Sector>
                        <Sector Number="3" Type="Flash" StartAddress="0xF0203000" Length="0x00001000">
                            <Correction Type="FlashEcc" StartAddress="0xF0100600" Length="0x00000200"/>
                        </Sector>
                        <Sector Number="4" Type="Flash" StartAddress="0xF0204000" Length="0x00001000">
                            <Correction Type="FlashEcc" StartAddress="0xF0100800" Length="0x00000200"/>
                        </Sector>
                        <Sector Number="5" Type="Flash" StartAddress="0xF0205000" Length="0x00001000">
                            <Correction Type="FlashEcc" StartAddress="0xF0100A00" Length="0x00000200"/>
                        </Sector>
                        <Sector Number="6" Type="Flash" StartAddress="0xF0206000" Length="0x00001000">
                            <Correction Type="FlashEcc" StartAddress="0xF0100C00" Length="0x00000200"/>
                        </Sector>
                        <Sector Number="7" Type="Flash" StartAddress="0xF0207000" Length="0x00001000">
                            <Correction Type="FlashEcc" StartAddress="0xF0100E00" Length="0x00000200"/>
                        </Sector>
                        <Sector Number="8" Type="Flash" StartAddress="0xF0208000" Length="0x00001000">
                            <Correction Type="FlashEcc" StartAddress="0xF0101000" Length="0x00000200"/>
                        </Sector>
                        <Sector Number="9" Type="Flash" StartAddress="0xF0209000" Length="0x00001000">
                            <Correction Type="FlashEcc" StartAddress="0xF0101200" Length="0x00000200"/>
                        </Sector>
                        <Sector Number="10" Type="Flash" StartAddress="0xF020A000" Length="0x00001000">
                            <Correction Type="FlashEcc"  StartAddress="0xF0101400" Length="0x00000200"/>
                        </Sector>
                        <Sector Number="11" Type="Flash" StartAddress="0xF020B000" Length="0x00001000">
                            <Correction Type="FlashEcc"  StartAddress="0xF0101600" Length="0x00000200"/>
                        </Sector>
                        <Sector Number="12" Type="Flash" StartAddress="0xF020C000" Length="0x00001000">
                            <Correction Type="FlashEcc"  StartAddress="0xF0101800" Length="0x00000200"/>
                        </Sector>
                        <Sector Number="13" Type="Flash" StartAddress="0xF020D000" Length="0x00001000">
                            <Correction Type="FlashEcc"  StartAddress="0xF0101A00" Length="0x00000200"/>
                        </Sector>
                        <Sector Number="14" Type="Flash" StartAddress="0xF020E000" Length="0x00001000">
                            <Correction Type="FlashEcc"  StartAddress="0xF0101C00" Length="0x00000200"/>
                        </Sector>
                        <Sector Number="15" Type="Flash" StartAddress="0xF020F000" Length="0x00001000">
                            <Correction Type="FlashEcc"  StartAddress="0xF0101E00" Length="0x00000200"/>
                        </Sector>
                        <Otp Type="Otp" StartAddress="0xF000E000" Length="0x00000800">
                            <Correction Type="OtpEcc" StartAddress="0xF0041C00" Length="0x00000100"/>
                        </Otp>
                    </Bank>
                </Flash>
            </MemoryMap>
        </Parameters>
    </Part>
    <DefaultPart Name="RM44L520">
        <MinorRevision RevisionNumber="0" Description="RM44L520 Rev 0"/>
        <MinorRevision RevisionNumber="1" Description="RM44L520 Rev A"/>
        <Parameters>
            <PllFrequency Frequency="200" PllType="fmzpll"/>
            <MemoryMap>
                <Flash>
                    <ProgramFlash    StartAddress="0x00000000" EndAddress="0x000bffff" CorrectionStartAddress="0xF0400000" CorrectionEndAddress="0xF0417fff"/>
                    <ProgramFlashOtp StartAddress="0xF0000000" EndAddress="0xF0000fff" CorrectionStartAddress="0xF0040000" CorrectionEndAddress="0xF00401ff"/>
                    <DataFlash    StartAddress="0xF0200000" EndAddress="0xF020ffff" CorrectionStartAddress="0xF0100000" CorrectionEndAddress="0xF0101fff"/>
                    <DataFlashOtp StartAddress="0xF000E000" EndAddress="0xF000E7ff" CorrectionStartAddress="0xF0041C00" CorrectionEndAddress="0xF0041Cff"/>
                    <Bank Number="0" Type="Program" ControlRegister="0xfff87000"
                        StartAddress="0x00000000" EndAddress="0x000bffff"
                        CorrectionStartAddress="0xF0400000" CorrectionEndAddress="0xF0417fff">
                        <Sector Number="0" Type="Flash" StartAddress="0x00000000" Length="0x00004000">
                            <Correction Type="FlashEcc" StartAddress="0xF0400000" Length="0x00000800"/>
                        </Sector>
                        <Sector Number="1" Type="Flash" StartAddress="0x00004000" Length="0x00004000">
                            <Correction Type="FlashEcc" StartAddress="0xF0400800" Length="0x00000800"/>
                        </Sector>
                        <Sector Number="2" Type="Flash" StartAddress="0x00008000" Length="0x00004000">
                            <Correction Type="FlashEcc" StartAddress="0xF0401000" Length="0x00000800"/>
                        </Sector>
                        <Sector Number="3" Type="Flash" StartAddress="0x0000C000" Length="0x00004000">
                            <Correction Type="FlashEcc" StartAddress="0xF0401800" Length="0x00000800"/>
                        </Sector>
                        <Sector Number="4" Type="Flash" StartAddress="0x00010000" Length="0x00004000">
                            <Correction Type="FlashEcc" StartAddress="0xF0402000" Length="0x00000800"/>
                        </Sector>
                        <Sector Number="5" Type="Flash" StartAddress="0x00014000" Length="0x00004000">
                            <Correction Type="FlashEcc" StartAddress="0xF0402800" Length="0x00000800"/>
                        </Sector>
                        <Sector Number="6" Type="Flash" StartAddress="0x00018000" Length="0x00008000">
                            <Correction Type="FlashEcc" StartAddress="0xF0403000" Length="0x00001000"/>
                        </Sector>
                        <Sector Number="7" Type="Flash" StartAddress="0x00020000" Length="0x00020000">
                            <Correction Type="FlashEcc" StartAddress="0xF0404000" Length="0x00004000"/>
                        </Sector>
                        <Sector Number="8" Type="Flash" StartAddress="0x00040000" Length="0x00020000">
                            <Correction Type="FlashEcc" StartAddress="0xF0408000" Length="0x00004000"/>
                        </Sector>
                        <Sector Number="9" Type="Flash" StartAddress="0x00060000" Length="0x00020000">
                            <Correction Type="FlashEcc" StartAddress="0xF040C000" Length="0x00004000"/>
                        </Sector>
                        <Sector Number="10" Type="Flash" StartAddress="0x00080000" Length="0x00020000">
                             <Correction Type="FlashEcc" StartAddress="0xF0410000" Length="0x00004000"/>
                        </Sector>
                        <Sector Number="11" Type="Flash" StartAddress="0x000A0000" Length="0x00020000">
                             <Correction Type="FlashEcc" StartAddress="0xF0414000" Length="0x00004000"/>
                        </Sector>
                        <Otp Type="Otp" StartAddress="0xF0000000" Length="0x00001000">
                            <Correction Type="OtpEcc" StartAddress="0xF0040000" Length="0x00000200"/>
                        </Otp>
                    </Bank>
                    <Bank Number="7" Type="Data" ControlRegister="0xfff87000"
                        StartAddress="0xF0200000" EndAddress="0xF020ffff"
                        CorrectionStartAddress="0xF0100000" CorrectionEndAddress="0xF010ffff">
                        <Sector Number="0" Type="Flash" StartAddress="0xF0200000" Length="0x00001000">
                            <Correction Type="FlashEcc" StartAddress="0xF0100000" Length="0x00000200"/>
                        </Sector>
                        <Sector Number="1" Type="Flash" StartAddress="0xF0201000" Length="0x00001000">
                            <Correction Type="FlashEcc" StartAddress="0xF0100200" Length="0x00000200"/>
                        </Sector>
                        <Sector Number="2" Type="Flash" StartAddress="0xF0202000" Length="0x00001000">
                            <Correction Type="FlashEcc" StartAddress="0xF0100400" Length="0x00000200"/>
                        </Sector>
                        <Sector Number="3" Type="Flash" StartAddress="0xF0203000" Length="0x00001000">
                            <Correction Type="FlashEcc" StartAddress="0xF0100600" Length="0x00000200"/>
                        </Sector>
                        <Sector Number="4" Type="Flash" StartAddress="0xF0204000" Length="0x00001000">
                            <Correction Type="FlashEcc" StartAddress="0xF0100800" Length="0x00000200"/>
                        </Sector>
                        <Sector Number="5" Type="Flash" StartAddress="0xF0205000" Length="0x00001000">
                            <Correction Type="FlashEcc" StartAddress="0xF0100A00" Length="0x00000200"/>
                        </Sector>
                        <Sector Number="6" Type="Flash" StartAddress="0xF0206000" Length="0x00001000">
                            <Correction Type="FlashEcc" StartAddress="0xF0100C00" Length="0x00000200"/>
                        </Sector>
                        <Sector Number="7" Type="Flash" StartAddress="0xF0207000" Length="0x00001000">
                            <Correction Type="FlashEcc" StartAddress="0xF0100E00" Length="0x00000200"/>
                        </Sector>
                        <Sector Number="8" Type="Flash" StartAddress="0xF0208000" Length="0x00001000">
                            <Correction Type="FlashEcc" StartAddress="0xF0101000" Length="0x00000200"/>
                        </Sector>
                        <Sector Number="9" Type="Flash" StartAddress="0xF0209000" Length="0x00001000">
                            <Correction Type="FlashEcc" StartAddress="0xF0101200" Length="0x00000200"/>
                        </Sector>
                        <Sector Number="10" Type="Flash" StartAddress="0xF020A000" Length="0x00001000">
                            <Correction Type="FlashEcc"  StartAddress="0xF0101400" Length="0x00000200"/>
                        </Sector>
                        <Sector Number="11" Type="Flash" StartAddress="0xF020B000" Length="0x00001000">
                            <Correction Type="FlashEcc"  StartAddress="0xF0101600" Length="0x00000200"/>
                        </Sector>
                        <Sector Number="12" Type="Flash" StartAddress="0xF020C000" Length="0x00001000">
                            <Correction Type="FlashEcc"  StartAddress="0xF0101800" Length="0x00000200"/>
                        </Sector>
                        <Sector Number="13" Type="Flash" StartAddress="0xF020D000" Length="0x00001000">
                            <Correction Type="FlashEcc"  StartAddress="0xF0101A00" Length="0x00000200"/>
                        </Sector>
                        <Sector Number="14" Type="Flash" StartAddress="0xF020E000" Length="0x00001000">
                            <Correction Type="FlashEcc"  StartAddress="0xF0101C00" Length="0x00000200"/>
                        </Sector>
                        <Sector Number="15" Type="Flash" StartAddress="0xF020F000" Length="0x00001000">
                            <Correction Type="FlashEcc"  StartAddress="0xF0101E00" Length="0x00000200"/>
                        </Sector>
                        <Otp Type="Otp" StartAddress="0xF000E000" Length="0x00000800">
                            <Correction Type="OtpEcc" StartAddress="0xF0041C00" Length="0x00000100"/>
                        </Otp>
                    </Bank>
                </Flash>
            </MemoryMap>
        </Parameters>
    </DefaultPart>
    <CommonParameters>
        <Initialization>
            <InitRegisters Register="0xfffff538" Value="0x00000005" Comment="reset ESM"/>
            <InitRegisters Register="0xffffff50" Value="0x00000207" Comment="select clock source 7 for RTICLK (Disable DWD)"/>
            <InitRegisters Register="0xffffffd0" Value="0x01010000" Comment="Disable peripherals"/>
            <InitRegisters Register="0xffffffd0" Value="0x01010100" Comment="Enable peripherals"/>
            <InitRegisters Register="0xfffff000" Value="0x00000000" Comment="disable DMA"/>
            <InitRegisters Register="0xffffff00" Value="0x00000000" Comment="disable ECLK output"/>
            <InitRegisters Register="0xfff7A400" Value="0x00000000" Comment="disable HTU"/>
            <InitRegisters Register="0xffffffc0" Value="0x00000000" Comment="Set RAM wait states to 0"/>
            <InitRegisters Register="0xfff87000" Value="0x00000311" Comment="enable pipeline mode and RWAIT=3 and Address WS=1"/>
            <InitRegisters Register="0xfff87288" Value="0x00000005" Comment="enable write to EWAIT register"/>
            <InitRegisters Register="0xfff872B8" Value="0x000D0002" Comment="EWAIT=13"/>
            <InitRegisters Register="0xfff87008" Value="0x00000005" Comment="disable error correction and detection"/>
            <InitRegisters Register="0xfff87040" Value="0x0000ffff" Comment="force active mode for all banks"/>
            <InitRegisters Register="0xffffffc4" Value="0x0000000a" Comment="MEMSW='1010' => Flash at 0x00000000, RAM at 0x08000000)"/>
            <InitCode>
                <Code>S00600004844521B</Code>
                <Code>S325080003007847C04601002DE9300F11EE0204C0E3010080E3300F01EE100F1FEE0500C0E3A6</Code>
                <Code>S32508000320100F0FEE300F11EE0303C0E3060080E3300F01EE100F1FEE020080E30800C0E3D9</Code>
                <Code>S31F08000340100F0FEE0000A0E30100BDE81EFF2FE100B5FFF7D5FF002000BDC7</Code>
                <Code>S705080003509F</Code>
            </InitCode>
        </Initialization>
        <MemoryMap>
            <Ram>
                <Ram Type="Ram" StartAddress="0x08000000" Length="0x00020000">
                    <Correction Type="RamEcc" StartAddress="0x08400000" Length="0x00010000"/>
                </Ram>
            </Ram>
        </MemoryMap>
		<ProfilingLimits Vt_Min_Limit="24" Vt_Mean_Limit="24.0" Bcc_Min_Limit="10" Bcc_Mean_Limit="10.0"/>
    </CommonParameters>
</Device>
