<?xml version="1.0" encoding="UTF-8"?>
<Device  AsicId="0x80206D05" DeviceId="0x0010" Library="pf035a.nfl"  CoreType="R4_BigEndian" useDAP="true" Revision="2">
    <Revisions>
        <Revision RevisionNumber="0"> Initial Revision </Revision>
        <Revision RevisionNumber="1"> Added additional devices and updated to version 1.1 of the schema. </Revision>
        <Revision RevisionNumber="2"> Updated to the latest schema </Revision>
    </Revisions>
    <Part Name="TMS570LS10xx6">
        <MinorRevision RevisionNumber="1" Description="TMS570LS10xx6 Rev A"/>
        <RegisterId Address="0x006040AC" Value="0x04000000" Mask="0xFFFF0000"/>
        <Parameters>
            <PllFrequency Frequency="140" PllType="fmzpll"/>
            <MemoryMap>
                <Flash StartAddress="0x00000000" EndAddress="0x000fffff"
                    CorrectionStartAddress="0x00400000" CorrectionEndAddress="0x0047ffff"
                    OtpStartAddress="0x00600000"  OtpEndAddress="0x00600fff"
                    OtpCorrectionStartAddress="0x00608000" OtpCorrectionEndAddress="0x006087ff">
                    <Bank Number="0" Type="Program" ControlRegister="0xfff87000"
                        StartAddress="0x00000000" EndAddress="0x0007ffff"
                        CorrectionStartAddress="0x00400000" CorrectionEndAddress="0x0043ffff">
                        <Sector Number="0" Type="Flash" StartAddress="0x00000000" Length="0x00008000">
                            <Correction Type="FlashEcc" StartAddress="0x00400000" Length="0x00004000"/>
                        </Sector>
                        <Sector Number="1" Type="Flash" StartAddress="0x00008000" Length="0x00008000">
                            <Correction Type="FlashEcc" StartAddress="0x00404000" Length="0x00004000"/>
                        </Sector>
                        <Sector Number="2" Type="Flash" StartAddress="0x00010000" Length="0x00008000">
                            <Correction Type="FlashEcc" StartAddress="0x00408000" Length="0x00004000"/>
                        </Sector>
                        <Sector Number="3" Type="Flash" StartAddress="0x00018000" Length="0x00002000">
                            <Correction Type="FlashEcc" StartAddress="0x0040c000" Length="0x00001000"/>
                        </Sector>
                        <Sector Number="4" Type="Flash" StartAddress="0x0001A000" Length="0x00002000">
                            <Correction Type="FlashEcc" StartAddress="0x0040d000" Length="0x00001000"/>
                        </Sector>
                        <Sector Number="5" Type="Flash" StartAddress="0x0001C000" Length="0x00004000">
                            <Correction Type="FlashEcc" StartAddress="0x0040e000" Length="0x00002000"/>
                        </Sector>
                        <Sector Number="6" Type="Flash" StartAddress="0x00020000" Length="0x00010000">
                            <Correction Type="FlashEcc" StartAddress="0x00410000" Length="0x00008000"/>
                        </Sector>
                        <Sector Number="7" Type="Flash" StartAddress="0x00030000" Length="0x00010000">
                            <Correction Type="FlashEcc" StartAddress="0x00418000" Length="0x00008000"/>
                        </Sector>
                        <Sector Number="8" Type="Flash" StartAddress="0x00040000" Length="0x00020000">
                            <Correction Type="FlashEcc" StartAddress="0x00420000" Length="0x00010000"/>
                        </Sector>
                        <Sector Number="9" Type="Flash" StartAddress="0x00060000" Length="0x00020000">
                            <Correction Type="FlashEcc" StartAddress="0x00430000" Length="0x00010000"/>
                        </Sector>
                        <Otp Type="Otp" StartAddress="0x00600000" Length="0x00000800">
                            <Correction Type="OtpEcc" StartAddress="0x00608000" Length="0x00000400"/>
                        </Otp>
                    </Bank>
                    <Bank Number="1" Type="Program" ControlRegister="0xfff87000"
                        StartAddress="0x00080000" EndAddress="0x000fffff"
                        CorrectionStartAddress="0x00440000" CorrectionEndAddress="0x0047ffff">
                        <Sector Number="0" Type="Flash" StartAddress="0x00080000" Length="0x00020000">
                            <Correction Type="FlashEcc" StartAddress="0x00440000" Length="0x00010000"/>
                        </Sector>
                        <Sector Number="1" Type="Flash" StartAddress="0x000A0000" Length="0x00020000">
                            <Correction Type="FlashEcc" StartAddress="0x00450000" Length="0x00010000"/>
                        </Sector>
                        <Sector Number="2" Type="Flash" StartAddress="0x000C0000" Length="0x00020000">
                            <Correction Type="FlashEcc" StartAddress="0x00460000" Length="0x00010000"/>
                        </Sector>
                        <Sector Number="3" Type="Flash" StartAddress="0x000E0000" Length="0x00020000">
                            <Correction Type="FlashEcc" StartAddress="0x00470000" Length="0x00010000"/>
                        </Sector>
                        <Otp Type="Otp" StartAddress="0x00600800" Length="0x00000800">
                            <Correction Type="OtpEcc" StartAddress="0x00608400" Length="0x00000400"/>
                        </Otp>
                    </Bank>
                </Flash>
            </MemoryMap>
        </Parameters>
    </Part>
    <DefaultPart Name="TMS570LS20xx6">
        <MinorRevision RevisionNumber="0" Description="TMS570LS20xx6 Rev 0"/>
        <MinorRevision RevisionNumber="1" Description="TMS570LS20xx6 Rev A"/>
        <Parameters>
            <PllFrequency Frequency="140" PllType="fmzpll"/>
            <MemoryMap>
                <Flash StartAddress="0x00000000" EndAddress="0x001fffff"
                    CorrectionStartAddress="0x00400000" CorrectionEndAddress="0x004fffff"
                    OtpStartAddress="0x00600000"  OtpEndAddress="0x00601fff"
                    OtpCorrectionStartAddress="0x00608000" OtpCorrectionEndAddress="0x00608fff">
                    <Bank Number="0" Type="Program" ControlRegister="0xfff87000"
                        StartAddress="0x00000000" EndAddress="0x0007ffff"
                        CorrectionStartAddress="0x00400000" CorrectionEndAddress="0x0043ffff">
                        <Sector Number="0" Type="Flash" StartAddress="0x00000000" Length="0x00008000">
                            <Correction Type="FlashEcc" StartAddress="0x00400000" Length="0x00004000"/>
                        </Sector>
                        <Sector Number="1" Type="Flash" StartAddress="0x00008000" Length="0x00008000">
                            <Correction Type="FlashEcc" StartAddress="0x00404000" Length="0x00004000"/>
                        </Sector>
                        <Sector Number="2" Type="Flash" StartAddress="0x00010000" Length="0x00008000">
                            <Correction Type="FlashEcc" StartAddress="0x00408000" Length="0x00004000"/>
                        </Sector>
                        <Sector Number="3" Type="Flash" StartAddress="0x00018000" Length="0x00002000">
                            <Correction Type="FlashEcc" StartAddress="0x0040c000" Length="0x00001000"/>
                        </Sector>
                        <Sector Number="4" Type="Flash" StartAddress="0x0001A000" Length="0x00002000">
                            <Correction Type="FlashEcc" StartAddress="0x0040d000" Length="0x00001000"/>
                        </Sector>
                        <Sector Number="5" Type="Flash" StartAddress="0x0001C000" Length="0x00004000">
                            <Correction Type="FlashEcc" StartAddress="0x0040e000" Length="0x00002000"/>
                        </Sector>
                        <Sector Number="6" Type="Flash" StartAddress="0x00020000" Length="0x00010000">
                            <Correction Type="FlashEcc" StartAddress="0x00410000" Length="0x00008000"/>
                        </Sector>
                        <Sector Number="7" Type="Flash" StartAddress="0x00030000" Length="0x00010000">
                            <Correction Type="FlashEcc" StartAddress="0x00418000" Length="0x00008000"/>
                        </Sector>
                        <Sector Number="8" Type="Flash" StartAddress="0x00040000" Length="0x00020000">
                            <Correction Type="FlashEcc" StartAddress="0x00420000" Length="0x00010000"/>
                        </Sector>
                        <Sector Number="9" Type="Flash" StartAddress="0x00060000" Length="0x00020000">
                            <Correction Type="FlashEcc" StartAddress="0x00430000" Length="0x00010000"/>
                        </Sector>
                        <Otp Type="Otp" StartAddress="0x00600000" Length="0x00000800">
                            <Correction Type="OtpEcc" StartAddress="0x00608000" Length="0x00000400"/>
                        </Otp>
                    </Bank>
                    <Bank Number="1" Type="Program" ControlRegister="0xfff87000"
                        StartAddress="0x00080000" EndAddress="0x000fffff"
                        CorrectionStartAddress="0x00440000" CorrectionEndAddress="0x0047ffff">
                        <Sector Number="0" Type="Flash" StartAddress="0x00080000" Length="0x00020000">
                            <Correction Type="FlashEcc" StartAddress="0x00440000" Length="0x00010000"/>
                        </Sector>
                        <Sector Number="1" Type="Flash" StartAddress="0x000A0000" Length="0x00020000">
                            <Correction Type="FlashEcc" StartAddress="0x00450000" Length="0x00010000"/>
                        </Sector>
                        <Sector Number="2" Type="Flash" StartAddress="0x000C0000" Length="0x00020000">
                            <Correction Type="FlashEcc" StartAddress="0x00460000" Length="0x00010000"/>
                        </Sector>
                        <Sector Number="3" Type="Flash" StartAddress="0x000E0000" Length="0x00020000">
                            <Correction Type="FlashEcc" StartAddress="0x00470000" Length="0x00010000"/>
                        </Sector>
                        <Otp Type="Otp" StartAddress="0x00600800" Length="0x00000800">
                            <Correction Type="OtpEcc" StartAddress="0x00608400" Length="0x00000400"/>
                        </Otp>
                    </Bank>
                    <Bank Number="2" Type="Program" ControlRegister="0xfff87000"
                        StartAddress="0x00100000" EndAddress="0x0017ffff"
                        CorrectionStartAddress="0x00480000" CorrectionEndAddress="0x004bffff">
                        <Sector Number="0" Type="Flash" StartAddress="0x00100000" Length="0x00020000">
                            <Correction Type="FlashEcc" StartAddress="0x00480000" Length="0x00010000"/>
                        </Sector>
                        <Sector Number="1" Type="Flash" StartAddress="0x00120000" Length="0x00020000">
                            <Correction Type="FlashEcc" StartAddress="0x00490000" Length="0x00010000"/>
                        </Sector>
                        <Sector Number="2" Type="Flash" StartAddress="0x00140000" Length="0x00020000">
                            <Correction Type="FlashEcc" StartAddress="0x004a0000" Length="0x00010000"/>
                        </Sector>
                        <Sector Number="3" Type="Flash" StartAddress="0x00160000" Length="0x00020000">
                            <Correction Type="FlashEcc" StartAddress="0x004b0000" Length="0x00010000"/>
                        </Sector>
                        <Otp Type="Otp" StartAddress="0x00601000" Length="0x00000800">
                            <Correction Type="OtpEcc" StartAddress="0x00608800" Length="0x00000400"/>
                        </Otp>
                    </Bank>
                    <Bank Number="3" Type="Program" ControlRegister="0xfff87000"
                        StartAddress="0x00180000" EndAddress="0x001fffff"
                        CorrectionStartAddress="0x004c0000" CorrectionEndAddress="0x004fffff">
                        <Sector Number="0" Type="Flash" StartAddress="0x00180000" Length="0x00020000">
                            <Correction Type="FlashEcc" StartAddress="0x004c0000" Length="0x00010000"/>
                        </Sector>
                        <Sector Number="1" Type="Flash" StartAddress="0x001A0000" Length="0x00020000">
                            <Correction Type="FlashEcc" StartAddress="0x004d0000" Length="0x00010000"/>
                        </Sector>
                        <Sector Number="2" Type="Flash" StartAddress="0x001C0000" Length="0x00020000">
                            <Correction Type="FlashEcc" StartAddress="0x004e0000" Length="0x00010000"/>
                        </Sector>
                        <Sector Number="3" Type="Flash" StartAddress="0x001E0000" Length="0x00020000">
                            <Correction Type="FlashEcc" StartAddress="0x004f0000" Length="0x00010000"/>
                        </Sector>
                        <Otp Type="Otp" StartAddress="0x00601800" Length="0x00000800">
                            <Correction Type="OtpEcc" StartAddress="0x00608c00" Length="0x00000400"/>
                        </Otp>
                    </Bank>
                </Flash>
            </MemoryMap>
        </Parameters>
    </DefaultPart>
    <CommonParameters>
        <Initialization>
            <InitRegisters Register="0xfffff538" Value="0x00000005" Comment="reset ESM"/>
            <InitRegisters Register="0xffffffd0" Value="0x01010000" Comment="Disable peripherals"/>
            <InitRegisters Register="0xffffffd0" Value="0x01010100" Comment="Enable peripherals"/>
            <InitRegisters Register="0xfffffa00" Value="0x00070085" Comment="disable RTP"/>
            <InitRegisters Register="0xfffff700" Value="0x00010005" Comment="disable DMM"/>
            <InitRegisters Register="0xffffffc0" Value="0x00000000" Comment="Set RAM wait states to 0"/>
            <InitRegisters Register="0xfff87000" Value="0x00000411" Comment="enable pipeline mode and RWAIT=4 and Address WS=1"/>
            <InitRegisters Register="0xfff87008" Value="0x00000005" Comment="disable flash parity"/>
            <InitRegisters Register="0xfff87040" Value="0x0000ffff" Comment="force active mode for all banks"/>
            <InitRegisters Register="0xffffffc4" Value="0x0000000a" Comment="MEMSW='1010' => Flash at 0x00000000, RAM at 0x08000000)"/>
            <InitCode>
                <Code>S00600004844521B</Code>
                <Code>S32208000300477846C0E92D0001EE110F30E3C00402E3800001EE010F30EE1F0F10E36E</Code>
                <Code>S3220800031DC00005EE0F0F10EE110F30E3C00303E3800006EE010F30EE1F0F10E380C7</Code>
                <Code>S31B0800033A0002E3C00008EE0F0F10E3A00000E8BD0001E12FFF1E80</Code>
                <Code>S70500000000FA</Code>
            </InitCode>
        </Initialization>
        <MemoryMap>
            <Ram>
                <Ram Type="Ram" StartAddress="0x08000000" Length="0x00020000">
                    <Correction Type="RamEcc" StartAddress="0x08400000" Length="0x00010000"/>
                </Ram>
            </Ram>
        </MemoryMap>
		<ProfilingLimits Vt_Min_Limit="24" Vt_Mean_Limit="24.0" Bcc_Min_Limit="10" Bcc_Mean_Limit="10.0"/>
    </CommonParameters>
</Device>
