<?xml version="1.0" encoding="UTF-8"?>
<PllConfig
    Type="fmzpll" Frequency="140"  MinXtal="5" MaxXtal="20" Step="0.5" 
    xmlns:xsi="http://www.w3.org/2001/XMLSchema-instance"
    xsi:noNamespaceSchemaLocation="file:../../schema/PllConfig.xsd">
    <Xtal Frequency="5.0"  pllCtl1="0x40019D00" pllCtl2="0x00007400"/>
    <Xtal Frequency="5.5"  pllCtl1="0x40018D00" pllCtl2="0x00007400"/>
    <Xtal Frequency="6.0"  pllCtl1="0x40018600" pllCtl2="0x00007400"/>
    <Xtal Frequency="6.5"  pllCtl1="0x40017800" pllCtl2="0x00007400"/>
    <Xtal Frequency="7.0"  pllCtl1="0x40017200" pllCtl2="0x00007400"/>
    <Xtal Frequency="7.5"  pllCtl1="0x40016600" pllCtl2="0x00007400"/>
    <Xtal Frequency="8.0"  pllCtl1="0x40016100" pllCtl2="0x00007400"/>
    <Xtal Frequency="8.5"  pllCtl1="0x40015C00" pllCtl2="0x00007400"/>
    <Xtal Frequency="9.0"  pllCtl1="0x40028300" pllCtl2="0x00007400"/>
    <Xtal Frequency="9.5"  pllCtl1="0x40027C00" pllCtl2="0x00007400"/>
    <Xtal Frequency="10.0" pllCtl1="0x40027600" pllCtl2="0x00007400"/>
    <Xtal Frequency="10.5" pllCtl1="0x40027000" pllCtl2="0x00007400"/>
    <Xtal Frequency="11.0" pllCtl1="0x40026A00" pllCtl2="0x00007400"/>
    <Xtal Frequency="11.5" pllCtl1="0x40026400" pllCtl2="0x00007400"/>
    <Xtal Frequency="12.0" pllCtl1="0x40026400" pllCtl2="0x00007400"/>
    <Xtal Frequency="12.5" pllCtl1="0x40025F00" pllCtl2="0x00007400"/>
    <Xtal Frequency="13.0" pllCtl1="0x40037800" pllCtl2="0x00007400"/>
    <Xtal Frequency="13.5" pllCtl1="0x40037200" pllCtl2="0x00007400"/>
    <Xtal Frequency="14.0" pllCtl1="0x40037200" pllCtl2="0x00007400"/>
    <Xtal Frequency="14.5" pllCtl1="0x40036C00" pllCtl2="0x00007400"/>
    <Xtal Frequency="15.0" pllCtl1="0x40036600" pllCtl2="0x00007400"/>
    <Xtal Frequency="15.5" pllCtl1="0x40036600" pllCtl2="0x00007400"/>
    <Xtal Frequency="16.0" pllCtl1="0x40036100" pllCtl2="0x00007400"/>
    <Xtal Frequency="16.5" pllCtl1="0x40036100" pllCtl2="0x00007400"/>
    <Xtal Frequency="17.0" pllCtl1="0x40035C00" pllCtl2="0x00007400"/>
    <Xtal Frequency="17.5" pllCtl1="0x40035C00" pllCtl2="0x00007400"/>
    <Xtal Frequency="18.0" pllCtl1="0x40046D00" pllCtl2="0x00007400"/>
    <Xtal Frequency="18.5" pllCtl1="0x40046D00" pllCtl2="0x00007400"/>
    <Xtal Frequency="19.0" pllCtl1="0x40046700" pllCtl2="0x00007400"/>
    <Xtal Frequency="19.5" pllCtl1="0x40046700" pllCtl2="0x00007400"/>
    <Xtal Frequency="20.0" pllCtl1="0x40046200" pllCtl2="0x00007400"/>
</PllConfig>
