<?xml version="1.0" encoding="UTF-8"?>
<Device  AsicId="0x00771529" DeviceId="0x8044AD05" Library="f021_R4_le_l2fmc.nfl" CoreType="R4_LittleEndian" useDAP="true" Revision="2" >
    <Revisions>
        <Revision RevisionNumber="0"> Initial Revision </Revision>
    </Revisions>
    <DefaultPart Name="RM57L8xx">
        <MinorRevision RevisionNumber="0" Description="RM57L8xx Rev 0/A"/>
        <Parameters>
            <PllFrequency Frequency="140" PllType="fmzpll"/>
            <MemoryMap>
                <Flash>
                    <ProgramFlash    StartAddress="0x00000000" EndAddress="0x003fffff" CorrectionStartAddress="0xF0400000" CorrectionEndAddress="0xF047ffff"/>
                    <ProgramFlashOtp StartAddress="0xF0000000" EndAddress="0xF0002fff" CorrectionStartAddress="0xF0040000" CorrectionEndAddress="0xF00405ff"/>
                    <DataFlash    StartAddress="0xF0200000" EndAddress="0xF021ffff" CorrectionStartAddress="0xF0100000" CorrectionEndAddress="0xF0103fff"/>
                    <DataFlashOtp StartAddress="0xF000E000" EndAddress="0xF000Efff" CorrectionStartAddress="0xF0041C00" CorrectionEndAddress="0xF0041Dff"/>
                    <Bank Number="0" Type="Program" ControlRegister="0xfff87000"
                        StartAddress="0x00000000" EndAddress="0x001fffff"
                        CorrectionStartAddress="0xF0400000" CorrectionEndAddress="0xF043ffff">
                        <Sector Number="0" Type="Flash" StartAddress="0x00000000" Length="0x00004000">
                            <Correction Type="FlashEcc" StartAddress="0xF0400000" Length="0x00000800"/>
                        </Sector>
                        <Sector Number="1" Type="Flash" StartAddress="0x00004000" Length="0x00004000">
                            <Correction Type="FlashEcc" StartAddress="0xF0400800" Length="0x00000800"/>
                        </Sector>
                        <Sector Number="2" Type="Flash" StartAddress="0x00008000" Length="0x00004000">
                            <Correction Type="FlashEcc" StartAddress="0xF0401000" Length="0x00000800"/>
                        </Sector>
                        <Sector Number="3" Type="Flash" StartAddress="0x0000C000" Length="0x00004000">
                            <Correction Type="FlashEcc" StartAddress="0xF0401800" Length="0x00000800"/>
                        </Sector>
                        <Sector Number="4" Type="Flash" StartAddress="0x00010000" Length="0x00004000">
                            <Correction Type="FlashEcc" StartAddress="0xF0402000" Length="0x00000800"/>
                        </Sector>
                        <Sector Number="5" Type="Flash" StartAddress="0x00014000" Length="0x00004000">
                            <Correction Type="FlashEcc" StartAddress="0xF0402800" Length="0x00000800"/>
                        </Sector>
                        <Sector Number="6" Type="Flash" StartAddress="0x00018000" Length="0x00008000">
                            <Correction Type="FlashEcc" StartAddress="0xF0403000" Length="0x00001000"/>
                        </Sector>
                        <Sector Number="7" Type="Flash" StartAddress="0x00020000" Length="0x00020000">
                            <Correction Type="FlashEcc" StartAddress="0xF0404000" Length="0x00004000"/>
                        </Sector>
                        <Sector Number="8" Type="Flash" StartAddress="0x00040000" Length="0x00020000">
                            <Correction Type="FlashEcc" StartAddress="0xF0408000" Length="0x00004000"/>
                        </Sector>
                        <Sector Number="9" Type="Flash" StartAddress="0x00060000" Length="0x00020000">
                            <Correction Type="FlashEcc" StartAddress="0xF040C000" Length="0x00004000"/>
                        </Sector>
                        <Sector Number="10" Type="Flash" StartAddress="0x00080000" Length="0x00040000">
                             <Correction Type="FlashEcc" StartAddress="0xF0410000" Length="0x00008000"/>
                        </Sector>
                        <Sector Number="11" Type="Flash" StartAddress="0x000C0000" Length="0x00040000">
                             <Correction Type="FlashEcc" StartAddress="0xF0418000" Length="0x00008000"/>
                        </Sector>
                        <Sector Number="12" Type="Flash" StartAddress="0x00100000" Length="0x00040000">
                             <Correction Type="FlashEcc" StartAddress="0xF0420000" Length="0x00008000"/>
                        </Sector>
                        <Sector Number="13" Type="Flash" StartAddress="0x00140000" Length="0x00040000">
                             <Correction Type="FlashEcc" StartAddress="0xF0428000" Length="0x00008000"/>
                        </Sector>
                        <Sector Number="14" Type="Flash" StartAddress="0x00180000" Length="0x00040000">
                             <Correction Type="FlashEcc" StartAddress="0xF0430000" Length="0x00008000"/>
                        </Sector>
                        <Sector Number="15" Type="Flash" StartAddress="0x001C0000" Length="0x00040000">
                             <Correction Type="FlashEcc" StartAddress="0xF0438000" Length="0x00008000"/>
                        </Sector>
                        <Otp Type="Otp" StartAddress="0xF0000000" Length="0x00001000">
                            <Correction Type="OtpEcc" StartAddress="0xF0040000" Length="0x00000200"/>
                        </Otp>
                    </Bank>
                    <Bank Number="1" Type="Program" ControlRegister="0xfff87000"
                        StartAddress="0x00200000" EndAddress="0x003fffff"
                        CorrectionStartAddress="0xF0440000" CorrectionEndAddress="0xF047ffff">
                        <Sector Number="0" Type="Flash" StartAddress="0x00200000" Length="0x00020000">
                            <Correction Type="FlashEcc" StartAddress="0xF0440000" Length="0x00004000"/>
                        </Sector>
                        <Sector Number="1" Type="Flash" StartAddress="0x00220000" Length="0x00020000">
                            <Correction Type="FlashEcc" StartAddress="0xF0444000" Length="0x00004000"/>
                        </Sector>
                        <Sector Number="2" Type="Flash" StartAddress="0x00240000" Length="0x00020000">
                            <Correction Type="FlashEcc" StartAddress="0xF0448000" Length="0x00004000"/>
                        </Sector>
                        <Sector Number="3" Type="Flash" StartAddress="0x00260000" Length="0x00020000">
                            <Correction Type="FlashEcc" StartAddress="0xF044C000" Length="0x00004000"/>
                        </Sector>
                        <Sector Number="4" Type="Flash" StartAddress="0x00280000" Length="0x00020000">
                            <Correction Type="FlashEcc" StartAddress="0xF0450000" Length="0x00004000"/>
                        </Sector>
                        <Sector Number="5" Type="Flash" StartAddress="0x002A0000" Length="0x00020000">
                            <Correction Type="FlashEcc" StartAddress="0xF0454000" Length="0x00004000"/>
                        </Sector>
                        <Sector Number="6" Type="Flash" StartAddress="0x002C0000" Length="0x00020000">
                            <Correction Type="FlashEcc" StartAddress="0xF0458000" Length="0x00004000"/>
                        </Sector>
                        <Sector Number="7" Type="Flash" StartAddress="0x002E0000" Length="0x00020000">
                            <Correction Type="FlashEcc" StartAddress="0xF045C000" Length="0x00004000"/>
                        </Sector>
                        <Sector Number="8" Type="Flash" StartAddress="0x00300000" Length="0x00020000">
                            <Correction Type="FlashEcc" StartAddress="0xF0460000" Length="0x00004000"/>
                        </Sector>
                        <Sector Number="9" Type="Flash" StartAddress="0x00320000" Length="0x00020000">
                            <Correction Type="FlashEcc" StartAddress="0xF0464000" Length="0x00004000"/>
                        </Sector>
                        <Sector Number="10" Type="Flash" StartAddress="0x00340000" Length="0x00020000">
                             <Correction Type="FlashEcc" StartAddress="0xF0468000" Length="0x00004000"/>
                        </Sector>
                        <Sector Number="11" Type="Flash" StartAddress="0x00360000" Length="0x00020000">
                             <Correction Type="FlashEcc" StartAddress="0xF046C000" Length="0x00004000"/>
                        </Sector>
                        <Sector Number="12" Type="Flash" StartAddress="0x00380000" Length="0x00020000">
                             <Correction Type="FlashEcc" StartAddress="0xF0470000" Length="0x00004000"/>
                        </Sector>
                        <Sector Number="13" Type="Flash" StartAddress="0x003A0000" Length="0x00020000">
                             <Correction Type="FlashEcc" StartAddress="0xF0474000" Length="0x00004000"/>
                        </Sector>
                        <Sector Number="14" Type="Flash" StartAddress="0x003C0000" Length="0x00020000">
                             <Correction Type="FlashEcc" StartAddress="0xF0478000" Length="0x00004000"/>
                        </Sector>
                        <Sector Number="15" Type="Flash" StartAddress="0x003E0000" Length="0x00020000">
                             <Correction Type="FlashEcc" StartAddress="0xF047C000" Length="0x00004000"/>
                        </Sector>
                        <Otp Type="Otp" StartAddress="0xF0002000" Length="0x00001000">
                            <Correction Type="OtpEcc" StartAddress="0xF0040400" Length="0x00000200"/>
                        </Otp>
                    </Bank>
                    <Bank Number="7" Type="Data" ControlRegister="0xfff87000"
                        StartAddress="0xF0200000" EndAddress="0xF021ffff"
                        CorrectionStartAddress="0xF0100000" CorrectionEndAddress="0xF0103fff">
                        <Sector Number="0" Type="Flash" StartAddress="0xF0200000" Length="0x00001000">
                            <Correction Type="FlashEcc" StartAddress="0xF0100000" Length="0x00000200"/>
                        </Sector>
                        <Sector Number="1" Type="Flash" StartAddress="0xF0201000" Length="0x00001000">
                            <Correction Type="FlashEcc" StartAddress="0xF0100200" Length="0x00000200"/>
                        </Sector>
                        <Sector Number="2" Type="Flash" StartAddress="0xF0202000" Length="0x00001000">
                            <Correction Type="FlashEcc" StartAddress="0xF0100400" Length="0x00000200"/>
                        </Sector>
                        <Sector Number="3" Type="Flash" StartAddress="0xF0203000" Length="0x00001000">
                            <Correction Type="FlashEcc" StartAddress="0xF0100600" Length="0x00000200"/>
                        </Sector>
                        <Sector Number="4" Type="Flash" StartAddress="0xF0204000" Length="0x00001000">
                            <Correction Type="FlashEcc" StartAddress="0xF0100800" Length="0x00000200"/>
                        </Sector>
                        <Sector Number="5" Type="Flash" StartAddress="0xF0205000" Length="0x00001000">
                            <Correction Type="FlashEcc" StartAddress="0xF0100A00" Length="0x00000200"/>
                        </Sector>
                        <Sector Number="6" Type="Flash" StartAddress="0xF0206000" Length="0x00001000">
                            <Correction Type="FlashEcc" StartAddress="0xF0100C00" Length="0x00000200"/>
                        </Sector>
                        <Sector Number="7" Type="Flash" StartAddress="0xF0207000" Length="0x00001000">
                            <Correction Type="FlashEcc" StartAddress="0xF0100E00" Length="0x00000200"/>
                        </Sector>
                        <Sector Number="8" Type="Flash" StartAddress="0xF0208000" Length="0x00001000">
                            <Correction Type="FlashEcc" StartAddress="0xF0101000" Length="0x00000200"/>
                        </Sector>
                        <Sector Number="9" Type="Flash" StartAddress="0xF0209000" Length="0x00001000">
                            <Correction Type="FlashEcc" StartAddress="0xF0101200" Length="0x00000200"/>
                        </Sector>
                        <Sector Number="10" Type="Flash" StartAddress="0xF020A000" Length="0x00001000">
                            <Correction Type="FlashEcc" StartAddress="0xF0101400" Length="0x00000200"/>
                        </Sector>
                        <Sector Number="11" Type="Flash" StartAddress="0xF020B000" Length="0x00001000">
                            <Correction Type="FlashEcc" StartAddress="0xF0101600" Length="0x00000200"/>
                        </Sector>
                        <Sector Number="12" Type="Flash" StartAddress="0xF020C000" Length="0x00001000">
                            <Correction Type="FlashEcc" StartAddress="0xF0101800" Length="0x00000200"/>
                        </Sector>
                        <Sector Number="13" Type="Flash" StartAddress="0xF020D000" Length="0x00001000">
                            <Correction Type="FlashEcc" StartAddress="0xF0101A00" Length="0x00000200"/>
                        </Sector>
                        <Sector Number="14" Type="Flash" StartAddress="0xF020E000" Length="0x00001000">
                            <Correction Type="FlashEcc" StartAddress="0xF0101C00" Length="0x00000200"/>
                        </Sector>
                        <Sector Number="15" Type="Flash" StartAddress="0xF020F000" Length="0x00001000">
                            <Correction Type="FlashEcc" StartAddress="0xF0101E00" Length="0x00000200"/>
                        </Sector>
                        <Sector Number="16" Type="Flash" StartAddress="0xF0210000" Length="0x00001000">
                            <Correction Type="FlashEcc" StartAddress="0xF0102000" Length="0x00000200"/>
                        </Sector>
                        <Sector Number="17" Type="Flash" StartAddress="0xF0211000" Length="0x00001000">
                            <Correction Type="FlashEcc" StartAddress="0xF0102200" Length="0x00000200"/>
                        </Sector>
                        <Sector Number="18" Type="Flash" StartAddress="0xF0212000" Length="0x00001000">
                            <Correction Type="FlashEcc" StartAddress="0xF0102400" Length="0x00000200"/>
                        </Sector>
                        <Sector Number="19" Type="Flash" StartAddress="0xF0213000" Length="0x00001000">
                            <Correction Type="FlashEcc" StartAddress="0xF0102600" Length="0x00000200"/>
                        </Sector>
                        <Sector Number="20" Type="Flash" StartAddress="0xF0214000" Length="0x00001000">
                            <Correction Type="FlashEcc" StartAddress="0xF0102800" Length="0x00000200"/>
                        </Sector>
                        <Sector Number="21" Type="Flash" StartAddress="0xF0215000" Length="0x00001000">
                            <Correction Type="FlashEcc" StartAddress="0xF0102A00" Length="0x00000200"/>
                        </Sector>
                        <Sector Number="22" Type="Flash" StartAddress="0xF0216000" Length="0x00001000">
                            <Correction Type="FlashEcc" StartAddress="0xF0102C00" Length="0x00000200"/>
                        </Sector>
                        <Sector Number="23" Type="Flash" StartAddress="0xF0217000" Length="0x00001000">
                            <Correction Type="FlashEcc" StartAddress="0xF0102E00" Length="0x00000200"/>
                        </Sector>
                        <Sector Number="24" Type="Flash" StartAddress="0xF0218000" Length="0x00001000">
                            <Correction Type="FlashEcc" StartAddress="0xF0103000" Length="0x00000200"/>
                        </Sector>
                        <Sector Number="25" Type="Flash" StartAddress="0xF0219000" Length="0x00001000">
                            <Correction Type="FlashEcc" StartAddress="0xF0103200" Length="0x00000200"/>
                        </Sector>
                        <Sector Number="26" Type="Flash" StartAddress="0xF021A000" Length="0x00001000">
                            <Correction Type="FlashEcc" StartAddress="0xF0103400" Length="0x00000200"/>
                        </Sector>
                        <Sector Number="27" Type="Flash" StartAddress="0xF021B000" Length="0x00001000">
                            <Correction Type="FlashEcc" StartAddress="0xF0103600" Length="0x00000200"/>
                        </Sector>
                        <Sector Number="28" Type="Flash" StartAddress="0xF021C000" Length="0x00001000">
                            <Correction Type="FlashEcc" StartAddress="0xF0103800" Length="0x00000200"/>
                        </Sector>
                        <Sector Number="29" Type="Flash" StartAddress="0xF021D000" Length="0x00001000">
                            <Correction Type="FlashEcc" StartAddress="0xF0103A00" Length="0x00000200"/>
                        </Sector>
                        <Sector Number="30" Type="Flash" StartAddress="0xF021E000" Length="0x00001000">
                            <Correction Type="FlashEcc" StartAddress="0xF0103C00" Length="0x00000200"/>
                        </Sector>
                        <Sector Number="31" Type="Flash" StartAddress="0xF021F000" Length="0x00001000">
                            <Correction Type="FlashEcc" StartAddress="0xF0103E00" Length="0x00000200"/>
                        </Sector>
                        <Otp Type="Otp" StartAddress="0xF000E000" Length="0x00001000">
                            <Correction Type="OtpEcc" StartAddress="0xF0041C00" Length="0x00000200"/>
                        </Otp>
                    </Bank>
                </Flash>
            </MemoryMap>
        </Parameters>
    </DefaultPart>
    <CommonParameters>
        <Initialization>
            <InitRegisters Register="0xffffff5C" Value="0x0000000A" Comment="Enable meminit"/>
            <InitRegisters Register="0xffffff60" Value="0x00000001" Comment="Initialize data RAM"/>
            <InitRegisters Register="0xfffff538" Value="0x00000005" Comment="reset ESM"/>
            <InitRegisters Register="0xffffff50" Value="0x00000207" Comment="select clock source 7 for RTICLK (Disable DWD)"/>
            <InitRegisters Register="0xffffffd0" Value="0x01010000" Comment="Disable peripherals"/>
            <InitRegisters Register="0xffffffd0" Value="0x01010100" Comment="Enable peripherals"/>
            <InitRegisters Register="0xfffffa00" Value="0x00070085" Comment="disable RTP"/>
            <InitRegisters Register="0xfffff700" Value="0x00010005" Comment="disable DMM"/>
            <InitRegisters Register="0xfffff000" Value="0x00000000" Comment="disable DMA"/>
            <InitRegisters Register="0xffffff00" Value="0x00000000" Comment="disable ECLK output"/>
            <InitRegisters Register="0xfff7A400" Value="0x00000000" Comment="disable HTU"/>
            <InitRegisters Register="0xfff7A014" Value="0x00000000" Comment="disable FTU"/>
            <InitRegisters Register="0xffffffc0" Value="0x00000000" Comment="Set RAM wait states to 0"/>
            <InitRegisters Register="0xfff87000" Value="0x00000303" Comment="enable prefetch for both portA and portB and RWAIT=3"/>
            <InitRegisters Register="0xfff87288" Value="0x00000005" Comment="enable write to EWAIT register"/>
            <InitRegisters Register="0xfff872B8" Value="0x00080000" Comment="EWAIT=8"/>
            <InitRegisters Register="0xfff87040" Value="0x0000ffff" Comment="force active mode for all banks"/>
            <InitRegisters Register="0xffffffc4" Value="0x0a0a0a0a" Comment="MEMSW='1010' => Flash at 0x00000000, RAM at 0x08000000)"/>
        </Initialization>
        <MemoryMap>
            <Ram>
                <Ram Type="Ram" StartAddress="0x08000000" Length="0x00080000">
                    <Correction Type="RamEcc" StartAddress="0x08400000" Length="0x00040000"/>
                </Ram>
            </Ram>
        </MemoryMap>
		<ProfilingLimits Vt_Min_Limit="24" Vt_Mean_Limit="24.0" Bcc_Min_Limit="10" Bcc_Mean_Limit="10.0"/>
    </CommonParameters>
</Device>
