<?xml version="1.0" encoding="UTF-8"?>
<register_ids id="CortexM" XML_version="2.0">

	<register_id id="PC"  value="0x20f" address="0" page="0" />
	<register_id id="R0" value="0x200" address="0" page="0" />
	<register_id id="R1" value="0x201" address="0" page="0" />
	<register_id id="R2" value="0x202" address="0" page="0" />
	<register_id id="R3" value="0x203" address="0" page="0" />
	<register_id id="R4" value="0x204" address="0" page="0" />
	<register_id id="R5" value="0x205" address="0" page="0" />
	<register_id id="R6" value="0x206" address="0" page="0" />
	<register_id id="R7" value="0x207" address="0" page="0" />
	<register_id id="R8" value="0x208" address="0" page="0" />
	<register_id id="R9" value="0x209" address="0" page="0" />
	<register_id id="R10" value="0x20a" address="0" page="0" />
	<register_id id="R11" value="0x20b" address="0" page="0" />
	<register_id id="R12" value="0x20c" address="0" page="0" />
	<register_id id="R13" value="0x20d" address="0" page="0" />
	<register_id id="R14" value="0x20e" address="0" page="0" />
	<register_id id="R15" value="0x20f" address="0" page="0" />
	<register_id id="xPSR" value="0x210" address="0" page="0" />
	<register_id id="MSP"  value="0x211" address="0" page="0" />
	<register_id id="PSP"  value="0x212" address="0" page="0" />
	<register_id id="DSP"  value="0x213" address="0" page="0" />
	<register_id id="CTRL_FAULT_BASE_PRI"  value="0x214" address="0" page="0" />

	<register_id id="R13_SVC" value="621" address="0" page="0" />
	<register_id id="R14_SVC" value="622" address="0" page="0" />
	<register_id id="R13_ABT" value="749" address="0" page="0" />
	<register_id id="R14_ABT" value="750" address="0" page="0" />
	<register_id id="R13_UND" value="877" address="0" page="0" />
	<register_id id="R14_UND" value="878" address="0" page="0" />
	<register_id id="R13_IRQ" value="589" address="0" page="0" />
	<register_id id="R14_IRQ" value="590" address="0" page="0" />

	<register_id id="R13_MON" value="717" address="0" page="0" />
	<register_id id="R14_MON" value="718" address="0" page="0" />

	<register_id id="R8_FIQ" value="552" address="0" page="0" />
	<register_id id="R9_FIQ" value="553" address="0" page="0" />
	<register_id id="R10_FIQ" value="554" address="0" page="0" />
	<register_id id="R11_FIQ" value="555" address="0" page="0" />
	<register_id id="R12_FIQ" value="556" address="0" page="0" />
	<register_id id="R13_FIQ" value="557" address="0" page="0" />
	<register_id id="R14_FIQ" value="558" address="0" page="0" />
	<register_id id="CPSR" value="528" address="0" page="0" />

	<register_id id="SPSR_SVC" value="4194929" address="0" page="0" />
	<register_id id="SPSR_ABT" value="4195057" address="0" page="0" />
	<register_id id="SPSR_UND" value="4195185" address="0" page="0" />
	<register_id id="SPSR_IRQ" value="4194897" address="0" page="0" />
	<register_id id="SPSR_FIQ" value="4194865" address="0" page="0" />
	<register_id id="SPSR_MON" value="4195025" address="0" page="0" />

	<register_id id="LR" value="0x20e" address="0" page="0" />
	<register_id id="F0" value="0x200" address="0" page="0" />
	<register_id id="F1" value="0x201" address="0" page="0" />
	<register_id id="F2" value="0x202" address="0" page="0" />
	<register_id id="F3" value="0x203" address="0" page="0" />
	<register_id id="F4" value="0x204" address="0" page="0" />
	<register_id id="F5" value="0x205" address="0" page="0" />
	<register_id id="F6" value="0x206" address="0" page="0" />
	<register_id id="F7" value="0x207" address="0" page="0" />
	<register_id id="F8" value="0x208" address="0" page="0" />
	<register_id id="F9" value="0x209" address="0" page="0" />
	<register_id id="F10" value="0x20a" address="0" page="0" />
	<register_id id="F11" value="0x20b" address="0" page="0" />
	<register_id id="F12" value="0x20c" address="0" page="0" />
	<register_id id="F13" value="0x20d" address="0" page="0" />
	<register_id id="F14" value="0x20e" address="0" page="0" />
	<register_id id="F15" value="0x20f" address="0" page="0" />

	<register_id id="AP" value="519" address="0" page="0" />
	<register_id id="SP" value="525" address="0" page="0" />
	<register_id id="FP" value="525" address="0" page="0" />
	<register_id id="CLK" value="0x60000006" address="0" page="0" />

	<register_id id="D0" value="0x200" address="0" page="0" />
	<register_id id="D1" value="0x203" address="0" page="0" />
	<register_id id="D2" value="0x205" address="0" page="0" />
	<register_id id="D3" value="0x207" address="0" page="0" />
	<register_id id="D4" value="0x209" address="0" page="0" />
	<register_id id="D5" value="0x20b" address="0" page="0" />
	<register_id id="D6" value="0x20d" address="0" page="0" />
	<register_id id="WP0_ADDR" value="0x62000000" address="0" page="0" />
	<register_id id="WP0_AMASK" value="0x62000001" address="0" page="0" />
	<register_id id="WP0_DATA" value="0x62000002" address="0" page="0" />
	<register_id id="WP0_DMASK" value="0x62000003" address="0" page="0" />
	<register_id id="WP0_CTRL" value="0x62000004" address="0" page="0" />
	<register_id id="WP0_CMASK" value="0x62000005" address="0" page="0" />
	<register_id id="WP1_ADDR" value="0x62000006" address="0" page="0" />
	<register_id id="WP1_AMASK" value="0x62000007" address="0" page="0" />
	<register_id id="WP1_DATA" value="0x62000008" address="0" page="0" />
	<register_id id="WP1_DMASK" value="0x62000009" address="0" page="0" />
	<register_id id="WP1_CTRL" value="0x6200000a" address="0" page="0" />
	<register_id id="WP1_CMASK" value="0x6200000b" address="0" page="0" />
	<register_id id="EMU_STAT" value="0x6200000c" address="0" page="0" />
	<register_id id="EMU_CNTR" value="0x6200000d" address="0" page="0" />
	<register_id id="EMU_MODE" value="0x6200000e" address="0" page="0" />
	<register_id id="EMU_PCTL" value="0x6200000f" address="0" page="0" />
    
    <register_id id="FPU_S0" value="0x69000040" address="0" page="0" />
    <register_id id="FPU_S1" value="0x69000041" address="0" page="0" />
    <register_id id="FPU_S2" value="0x69000042" address="0" page="0" />
    <register_id id="FPU_S3" value="0x69000043" address="0" page="0" />
    <register_id id="FPU_S4" value="0x69000044" address="0" page="0" />
    <register_id id="FPU_S5" value="0x69000045" address="0" page="0" />
    <register_id id="FPU_S6" value="0x69000046" address="0" page="0" />
    <register_id id="FPU_S7" value="0x69000047" address="0" page="0" />
    <register_id id="FPU_S8" value="0x69000048" address="0" page="0" />
    <register_id id="FPU_S9" value="0x69000049" address="0" page="0" />
    <register_id id="FPU_S10" value="0x6900004a" address="0" page="0" />
    <register_id id="FPU_S11" value="0x6900004b" address="0" page="0" />
    <register_id id="FPU_S12" value="0x6900004c" address="0" page="0" />
    <register_id id="FPU_S13" value="0x6900004d" address="0" page="0" />
    <register_id id="FPU_S14" value="0x6900004e" address="0" page="0" />
    <register_id id="FPU_S15" value="0x6900004f" address="0" page="0" />
    <register_id id="FPU_S16" value="0x69000050" address="0" page="0" />
    <register_id id="FPU_S17" value="0x69000051" address="0" page="0" />
    <register_id id="FPU_S18" value="0x69000052" address="0" page="0" />
    <register_id id="FPU_S19" value="0x69000053" address="0" page="0" />
    <register_id id="FPU_S20" value="0x69000054" address="0" page="0" />
    <register_id id="FPU_S21" value="0x69000055" address="0" page="0" />
    <register_id id="FPU_S22" value="0x69000056" address="0" page="0" />
    <register_id id="FPU_S23" value="0x69000057" address="0" page="0" />
    <register_id id="FPU_S24" value="0x69000058" address="0" page="0" />
    <register_id id="FPU_S25" value="0x69000059" address="0" page="0" />
    <register_id id="FPU_S26" value="0x6900005a" address="0" page="0" />
    <register_id id="FPU_S27" value="0x6900005b" address="0" page="0" />
    <register_id id="FPU_S28" value="0x6900005c" address="0" page="0" />
    <register_id id="FPU_S29" value="0x6900005d" address="0" page="0" />
    <register_id id="FPU_S30" value="0x6900005e" address="0" page="0" />
    <register_id id="FPU_S31" value="0x6900005f" address="0" page="0" />

    <register_id id="FPU_D0" value="0x69000040" address="0" page="0" />
    <register_id id="FPU_D1" value="0x69000042" address="0" page="0" />
    <register_id id="FPU_D2" value="0x69000044" address="0" page="0" />
    <register_id id="FPU_D3" value="0x69000046" address="0" page="0" />
    <register_id id="FPU_D4" value="0x69000048" address="0" page="0" />
    <register_id id="FPU_D5" value="0x6900004a" address="0" page="0" />
    <register_id id="FPU_D6" value="0x6900004c" address="0" page="0" />
    <register_id id="FPU_D7" value="0x6900004e" address="0" page="0" />
    <register_id id="FPU_D8" value="0x69000050" address="0" page="0" />
    <register_id id="FPU_D9" value="0x69000052" address="0" page="0" />
    <register_id id="FPU_D10" value="0x69000054" address="0" page="0" />
    <register_id id="FPU_D11" value="0x69000056" address="0" page="0" />
    <register_id id="FPU_D12" value="0x69000058" address="0" page="0" />
    <register_id id="FPU_D13" value="0x6900005a" address="0" page="0" />
    <register_id id="FPU_D14" value="0x6900005c" address="0" page="0" />
    <register_id id="FPU_D15" value="0x6900005e" address="0" page="0" />
    
    <register_id id="FPU_FPSCR" value="0x69000021" address="0" page="0" />
    <register_id id="FPU_FPCCR" value="0x69000f34" address="0" page="0" />
    <register_id id="FPU_FPCAR" value="0x69000f38" address="0" page="0" />
    <register_id id="FPU_FPDSCR" value="0x69000f3C" address="0" page="0" />
    <register_id id="FPU_MVFR0" value="0x69000f40" address="0" page="0" />
    <register_id id="FPU_MVFR1" value="0x69000f44" address="0" page="0" />

	<register_id id="ANAENBL" value="0x62000010" address="0" page="0" />
	<register_id id="REG_ENDIAN" value="0x61001002" address="0" page="0" />
	<register_id id="REG_ICECRUSHER" value="0x61001001" address="0" page="0" />
	<register_id id="REG_RTDXENABLE" value="0x61003003" address="0" page="0" />
	<register_id id="SCLK" value="0x63000000" address="0" page="0" />
	<register_id id="NCLK" value="0x63000001" address="0" page="0" />
	<register_id id="ICLK" value="0x63000002" address="0" page="0" />
	<register_id id="CCLK" value="0x63000003" address="0" page="0" />
	<register_id id="FCLK" value="0x63000004" address="0" page="0" />
	<register_id id="NINSTR" value="0x63000005" address="0" page="0" />
	<register_id id="FADDR" value="0x63000006" address="0" page="0" />
	<register_id id="DADDR" value="0x63000007" address="0" page="0" />
	<register_id id="XADDR" value="0x63000008" address="0" page="0" />
	<register_id id="REG_E2ICE_COUNTER0" value="0x60000000" address="0" page="0" />
	<register_id id="REG_E2ICE_COUNTER1" value="0x60000001" address="0" page="0" />
	<register_id id="REG_CP15_TABL_ADDR" value="0x60000002" address="0" page="0" />
	<register_id id="REG_RUN_COUNT" value="0x60000003" address="0" page="0" />
	<register_id id="EMU0_COUNTER" value="0x60000004" address="0" page="0" />
	<register_id id="EMU1_COUNTER" value="0x60000005" address="0" page="0" />
	<register_id id="DCC_DOWNLOAD_ENBL" value="0x61003004" address="0" page="0" />
	<register_id id="DCC_DOWNLOAD_MONITOR_ADD" value="0x61003007" address="0" page="0" />
	<register_id id="REG_DAP_MSG_MASK" value="0x61003008" address="0" page="0" />
	<register_id id="REG_AHB_DOWNLOAD" value="0x61003009" address="0" page="0" />
	<register_id id="REG_DEBUG1" value="0x6100300a" address="0" page="0" />
	<register_id id="REG_DEBUG2" value="0x6100300b" address="0" page="0" />
	<register_id id="REG_VECTOR_CATCH" value="0x60000007" address="0" page="0" />
	<register_id id="ICECS_VERSION" value="0x65100000" address="0" page="0" />
	<register_id id="ICECS_DCCR" value="0x65100001" address="0" page="0" />
	<register_id id="ICECS_DCSR" value="0x65100002" address="0" page="0" />
	<register_id id="ICECS_TCR" value="0x65100003" address="0" page="0" />
	<register_id id="ICECS_RCSR" value="0x65100004" address="0" page="0" />
	<register_id id="ICECS_ICSR" value="0x65100005" address="0" page="0" />
	<register_id id="ICECS_TEST" value="0x65100006" address="0" page="0" />
	<register_id id="ICECS_OSLOCK" value="0x65100007" address="0" page="0" />
	<register_id id="ICECS_DCON" value="0x65100008" address="0" page="0" />
	<register_id id="ICECS_CMR_IMCR" value="0x65200000" address="0" page="0" />
	<register_id id="ICECS_CMR_IOR" value="0x65200001" address="0" page="0" />
	<register_id id="ICECS_CMR_IIR" value="0x65200002" address="0" page="0" />
	<register_id id="ICECS_CMR_CTSR" value="0x65200003" address="0" page="0" />
	<register_id id="ICECS_CMR_CTCR" value="0x65200004" address="0" page="0" />
	<register_id id="ICECS_CMR_LAR" value="0x65200005" address="0" page="0" />
	<register_id id="ICECS_CMR_LSR" value="0x65200006" address="0" page="0" />
	<register_id id="ICECS_CMR_ASR" value="0x65200007" address="0" page="0" />
	<register_id id="ICECS_CMR_DIDR" value="0x65200008" address="0" page="0" />
	<register_id id="ICECS_CMR_DTIR" value="0x65200009" address="0" page="0" />
	<register_id id="ICECS_CMR_PID4" value="0x6520000a" address="0" page="0" />
	<register_id id="ICECS_CMR_PID5" value="0x6520000b" address="0" page="0" />
	<register_id id="ICECS_CMR_PID6" value="0x6520000c" address="0" page="0" />
	<register_id id="ICECS_CMR_PID7" value="0x6520000d" address="0" page="0" />
	<register_id id="ICECS_CMR_PID0" value="0x6520000e" address="0" page="0" />
	<register_id id="ICECS_CMR_PID1" value="0x6520000f" address="0" page="0" />
	<register_id id="ICECS_CMR_PID2" value="0x65200010" address="0" page="0" />
	<register_id id="ICECS_CMR_PID3" value="0x65200011" address="0" page="0" />
	<register_id id="ICECS_CMR_CID0" value="0x65200012" address="0" page="0" />
	<register_id id="ICECS_CMR_CID1" value="0x65200013" address="0" page="0" />
	<register_id id="ICECS_CMR_CID2" value="0x65200014" address="0" page="0" />
	<register_id id="ICECS_CMR_CID3" value="0x65200015" address="0" page="0" />
	<register_id id="ICEC_VERSION" value="0x65100000" address="0" page="0" />
	<register_id id="ICEC_DEBUG_CONFIG" value="0x65100001" address="0" page="0" />
	<register_id id="ICEC_DEBUG_CSR" value="0x65100002" address="0" page="0" />
	<register_id id="ICEC_TRIGGER_CONTROL" value="0x65100003" address="0" page="0" />
	<register_id id="ICEC_RESET_CSR" value="0x65100004" address="0" page="0" />
	<register_id id="ICEC_INTERRUPT_CSR" value="0x65100005" address="0" page="0" />
	<register_id id="ICEC_TEST" value="0x65100006" address="0" page="0" />
	<register_id id="ICEC_OSLOCK" value="0x65100007" address="0" page="0" />
	<register_id id="ICEC_DCON" value="0x65100008" address="0" page="0" />
	<register_id id="ICEC_CMR_IMCR" value="0x65200000" address="0" page="0" />
	<register_id id="ICEC_CMR_IOR" value="0x65200001" address="0" page="0" />
	<register_id id="ICEC_CMR_IIR" value="0x65200002" address="0" page="0" />
	<register_id id="ICEC_CMR_CTSR" value="0x65200003" address="0" page="0" />
	<register_id id="ICEC_CMR_CTCR" value="0x65200004" address="0" page="0" />
	<register_id id="ICEC_CMR_LAR" value="0x65200005" address="0" page="0" />
	<register_id id="ICEC_CMR_LSR" value="0x65200006" address="0" page="0" />
	<register_id id="ICEC_CMR_ASR" value="0x65200007" address="0" page="0" />
	<register_id id="ICEC_CMR_DIDR" value="0x65200008" address="0" page="0" />
	<register_id id="ICEC_CMR_DTIR" value="0x65200009" address="0" page="0" />
	<register_id id="ICEC_CMR_PID4" value="0x6520000a" address="0" page="0" />
	<register_id id="ICEC_CMR_PID5" value="0x6520000b" address="0" page="0" />
	<register_id id="ICEC_CMR_PID6" value="0x6520000c" address="0" page="0" />
	<register_id id="ICEC_CMR_PID7" value="0x6520000d" address="0" page="0" />
	<register_id id="ICEC_CMR_PID0" value="0x6520000e" address="0" page="0" />
	<register_id id="ICEC_CMR_PID1" value="0x6520000f" address="0" page="0" />
	<register_id id="ICEC_CMR_PID2" value="0x65200010" address="0" page="0" />
	<register_id id="ICEC_CMR_PID3" value="0x65200011" address="0" page="0" />
	<register_id id="ICEC_CMR_CID0" value="0x65200012" address="0" page="0" />
	<register_id id="ICEC_CMR_CID1" value="0x65200013" address="0" page="0" />
	<register_id id="ICEC_CMR_CID2" value="0x65200014" address="0" page="0" />
	<register_id id="ICEC_CMR_CID3" value="0x65200015" address="0" page="0" />
	<register_id id="DAP_DP_ADDR" value="0x67100000" address="0" page="0" />
	<register_id id="DAP_DP_CSW" value="0x67100001" address="0" page="0" />
	<register_id id="DAP_APB_AP_CSW" value="0x67200000" address="0" page="0" />
	<register_id id="DAP_APB_AP_TAR" value="0x67200001" address="0" page="0" />
	<register_id id="DAP_APB_AP_DRW" value="0x67200002" address="0" page="0" />
	<register_id id="DAP_APB_AP_BD0" value="0x67200003" address="0" page="0" />
	<register_id id="DAP_APB_AP_BD1" value="0x67200004" address="0" page="0" />
	<register_id id="DAP_APB_AP_BD2" value="0x67200005" address="0" page="0" />
	<register_id id="DAP_APB_AP_BD3" value="0x67200006" address="0" page="0" />
	<register_id id="DAP_APB_AP_ROM" value="0x67200007" address="0" page="0" />
	<register_id id="DAP_APB_AP_IDR" value="0x67200008" address="0" page="0" />
	<register_id id="DAP_AHB_AP_CSW" value="0x67300000" address="0" page="0" />
	<register_id id="DAP_AHB_AP_TAR" value="0x67300001" address="0" page="0" />
	<register_id id="DAP_AHB_AP_DRW" value="0x67300002" address="0" page="0" />
	<register_id id="DAP_AHB_AP_BD0" value="0x67300003" address="0" page="0" />
	<register_id id="DAP_AHB_AP_BD1" value="0x67300004" address="0" page="0" />
	<register_id id="DAP_AHB_AP_BD2" value="0x67300005" address="0" page="0" />
	<register_id id="DAP_AHB_AP_BD3" value="0x67300006" address="0" page="0" />
	<register_id id="DAP_AHB_AP_ROM" value="0x67300007" address="0" page="0" />
	<register_id id="DAP_AHB_AP_IDR" value="0x67300008" address="0" page="0" />
	<register_id id="REG_FOR_CTI_WORKAROUND" value="0x6000000c" address="0" page="0" />
	<register_id id="MPU_TYPE" value="0x68000000" address="0" page="0" />
	<register_id id="MPU_CONTROL" value="0x68000004" address="0" page="0" />
	<register_id id="MPU_REGION_NUM" value="0x68000008" address="0" page="0" />
	<register_id id="MPU_REGION_BASE_ADDR" value="0x6800000c" address="0" page="0" />
	<register_id id="MPU_REGION_ATTRIBUTE" value="0x68000010" address="0" page="0" />
	<register_id id="MPU_ALIAS1_REGION_BASE_ADDR" value="0x68000014" address="0" page="0" />
	<register_id id="MPU_ALIAS1_REGION_ATTRIBUTE" value="0x68000018" address="0" page="0" />
	<register_id id="MPU_ALIAS2_REGION_BASE_ADDR" value="0x6800001c" address="0" page="0" />
	<register_id id="MPU_ALIAS2_REGION_ATTRIBUTE" value="0x68000020" address="0" page="0" />
	<register_id id="MPU_ALIAS3_REGION_BASE_ADDR" value="0x68000024" address="0" page="0" />
	<register_id id="MPU_ALIAS3_REGION_ATTRIBUTE" value="0x68000028" address="0" page="0" />
	<register_id id="FP_CTRL" value="0x64100000" address="0" page="0" />
	<register_id id="FP_REMAP" value="0x64100004" address="0" page="0" />
	<register_id id="FP_COMP0" value="0x64100008" address="0" page="0" />
	<register_id id="FP_COMP1" value="0x6410000c" address="0" page="0" />
	<register_id id="FP_COMP2" value="0x64100010" address="0" page="0" />
	<register_id id="FP_COMP3" value="0x64100014" address="0" page="0" />
	<register_id id="FP_COMP4" value="0x64100018" address="0" page="0" />
	<register_id id="FP_COMP5" value="0x6410001c" address="0" page="0" />
	<register_id id="FP_COMP6" value="0x64100020" address="0" page="0" />
	<register_id id="FP_COMP7" value="0x64100024" address="0" page="0" />
	<register_id id="DWT_CTRL" value="0x64200000" address="0" page="0" />
	<register_id id="DWT_CYCCNT" value="0x64200004" address="0" page="0" />
	<register_id id="DWT_CPICNT" value="0x64200008" address="0" page="0" />
	<register_id id="DWT_EXCCNT" value="0x6420000c" address="0" page="0" />
	<register_id id="DWT_SLEEPCNT" value="0x64200010" address="0" page="0" />
	<register_id id="DWT_LSUCNT" value="0x64200014" address="0" page="0" />
	<register_id id="DWT_FOLDCNT" value="0x64200018" address="0" page="0" />
	<register_id id="DWT_COMP0" value="0x64200020" address="0" page="0" />
	<register_id id="DWT_MASK0" value="0x64200024" address="0" page="0" />
	<register_id id="DWT_FUNCTION0" value="0x64200028" address="0" page="0" />
	<register_id id="DWT_COMP1" value="0x64200030" address="0" page="0" />
	<register_id id="DWT_MASK1" value="0x64200034" address="0" page="0" />
	<register_id id="DWT_FUNCTION1" value="0x64200038" address="0" page="0" />
	<register_id id="DWT_COMP2" value="0x64200040" address="0" page="0" />
	<register_id id="DWT_MASK2" value="0x64200044" address="0" page="0" />
	<register_id id="DWT_FUNCTION2" value="0x64200048" address="0" page="0" />
	<register_id id="DWT_COMP3" value="0x64200050" address="0" page="0" />
	<register_id id="DWT_MASK3" value="0x64200054" address="0" page="0" />
	<register_id id="DWT_FUNCTION3" value="0x64200058" address="0" page="0" />
	<register_id id="XPSR" value="0x210" address="0" page="0" />
</register_ids>
